,North America,,"36,453,244","+6,115","830,579",+616,"28,198,785","+4,055","7,423,880","15,950",,,,,,North America,,,,
,South America,,"21,956,794","+1,076","577,701",+19,"19,677,486","+1,025","1,701,607","21,618",,,,,,South America,,,,
,Asia,,"30,071,247","+14,633","440,142",+159,"27,068,100","+9,981","2,563,005","27,196",,,,,,Asia,,,,
,Europe,,"40,855,991","+35,854","937,594",+855,"28,979,600","+28,755","10,938,797","32,879",,,,,,Europe,,,,
,Africa,,"4,336,627",,"114,877",,"3,885,966",,"335,784","3,240",,,,,,Africa,,,,
,Oceania,,"58,861",+35,"1,151",+1,"34,640",+12,"23,070",5,,,,,,Australia/Oceania,,,,
,,,721,,15,,706,,0,0,,,,,,,,,,
World,"133,733,485","+57,713","2,902,059","+1,650","107,845,283","+43,828","22,986,143","100,888","17,157",372.3,,,,All,,,,
USA,"31,637,243",,"572,849 ",,"24,206,539",,"6,857,855","9,058","95,153","1,723","413,478,674","1,243,583","332,489,703 ",North America,115801
Brazil,"13,197,031",,"341,097 ",,"11,664,158",,"1,191,776","8,318","61,750","1,596","28,600,000","133,822","213,716,460 ",South America,166277
India,"12,928,574","+2,513","166,892 ",,"11,851,393","+2,488","910,289","8,944","9,299",120,"252,677,379","181,732","1,390,382,831 ",Asia,"1088,3316"
France,"4,841,308",,"97,722 ",,"301,299",,"4,442,287","5,626","74,044","1,495","67,791,157","1,036,811","65,384,318 ",Europe,146691
Russia,"4,606,162",,"101,480 ",,"4,229,480",,"275,202","2,300","31,553",695,"122,300,000","837,772","145,982,499 ",Europe,"321,4391"
UK,"4,367,291",,"126,927 ",,"3,932,777",,"307,587",469,"64,075","1,862","132,141,580","1,938,717","68,159,282 ",Europe,165371
Italy,"3,700,393",,"112,374 ",,"3,040,182",,"547,837","3,683","61,271","1,861","51,755,739","856,975","60,393,531 ",Europe,165371
Turkey,"3,633,925",,"32,943 ",,"3,194,978",,"406,004","2,604","42,735",387,"40,385,250","474,936","85,033,013 ",Asia,"232,5812"
Spain,"3,326,736",,"76,037 ",,"3,085,059",,"165,640","2,009","71,132","1,626","43,458,915","929,231","46,768,680 ",Europe,146151
Germany,"2,927,572",,"78,174 ",,"2,631,400","+16,900","217,998","4,439","34,856",931,"51,559,277","613,878","83,989,395 ",Europe,"291,0742"
Colombia,"2,479,617",,"64,767 ",,"2,345,471",,"69,379","2,603","48,338","1,263","13,042,268","254,247","51,297,612 ",South America,217924
Poland,"2,471,617",,"55,703 ",,"2,054,697",,"361,217","3,342","65,361","1,473","12,588,747","332,906","37,814,773 ",Europe,156793
Argentina,"2,450,068",,"56,832 ",,"2,174,625",,"218,611","3,642","53,832","1,249","9,266,106","203,592","45,513,099 ",South America,198015
Mexico,"2,261,879","+5,499","205,598 ",+596,"1,798,657","+3,444","257,624","4,798","17,403","1,582","6,191,679","47,640","129,968,675 ",North America,5763221
Iran,"1,984,348",,"63,699 ",,"1,675,891",,"244,758","4,177","23,396",751,"13,331,229","157,181","84,814,315 ",Asia,"431,3316"
Ukraine,"1,803,998","+19,419","35,962 ",+464,"1,383,883","+10,032","384,153",177,"41,441",826,"8,456,635","194,264","43,531,619 ",Europe,"241,2105"
Peru,"1,607,898",,"53,725 ",,"1,527,112",,"27,061","2,249","48,252","1,612","9,709,043","291,365","33,322,600 ",South America,216203
Czechia,"1,567,848","+7,015","27,466 ",+56,"1,434,281",+339,"106,101","1,349","146,197","2,561","13,812,844","1,288,004","10,724,225 ",Europe,73901
South Africa,"1,553,609",,"53,111 ",,"1,479,821",,"20,677",546,"25,945",887,"10,020,025","167,335","59,880,039 ",Africa,"391,1276"
Indonesia,"1,547,376",,"42,064 ",,"1,391,742",,"113,570",,"5,612",153,"13,134,650","47,635","275,735,418 ",Asia,"1786,55521"
Netherlands,"1,319,353",,"16,672 ",,N/A,N/A,N/A,765,"76,868",971,"10,795,845","628,983","17,163,958 ",Europe,"131,0302"
Chile,"1,043,022",,"23,796 ",,"980,245",,"38,981","3,029","54,206","1,237","11,603,698","603,047","19,241,784 ",South America,188092
Canada,"1,028,041",,"23,173 ",,"942,732",,"62,136",835,"27,057",610,"28,455,431","748,918","37,995,393 ",North America,"371,6401"
Romania,"988,624",,"24,561 ",,"885,710",,"78,353","1,487","51,655","1,283","7,550,873","394,529","19,138,936 ",Europe,197793
Belgium,"908,212","+3,539","23,301 ",+54,"58,568",+110,"826,343",898,"78,104","2,004","11,511,956","989,996","11,628,288 ",Europe,134991
Iraq,"895,622",,"14,572 ",,"794,444",,"86,606",491,"21,893",356,"8,331,013","203,646","40,909,209 ",Asia,"462,8075"
Sweden,"841,807",,"13,578 ",,N/A,N/A,N/A,356,"82,957","1,338","7,530,772","742,130","10,147,504 ",Europe,127471
Israel,"835,216",,"6,266 ",,"824,160",,"4,790",294,"90,808",681,"13,632,392","1,482,170","9,197,590 ",Asia,"111,4681"
Portugal,"825,031",,"16,890 ",,"782,294",,"25,847",116,"81,093","1,660","9,291,032","913,226","10,173,859 ",Europe,126021
Philippines,"819,164",,"14,059 ",,"646,404",,"158,701",785,"7,400",127,"10,515,678","94,997","110,695,150 ",Asia,"1357,87411"
Pakistan,"705,517","+5,329","15,124 ",+98,"623,399","+2,610","66,994","3,942","3,147",67,"10,584,877","47,220","224,159,995 ",Asia,"31814,82121"
Hungary,"698,490","+4,814","22,681 ",+272,"419,765",+613,"256,044","1,337","72,446","2,352","4,825,607","500,504","9,641,501 ",Europe,144252
Bangladesh,"659,278",,"9,447 ",,"561,639",,"88,192",,"3,973",57,"4,882,565","29,423","165,944,401 ",Asia,"25217,56634"
Jordan,"650,681",,"7,469 ",,"570,327",,"72,885",729,"63,292",727,"6,198,917","602,972","10,280,612 ",Asia,"161,3762"
Serbia,"629,388",,"5,579 ",,"536,672",,"87,137",267,"72,258",641,"3,531,777","405,471","8,710,312 ",Europe,"141,5612"
Switzerland,"612,575",,"10,432 ",,"554,729",,"47,414",186,"70,386","1,199","6,260,306","719,320","8,703,085 ",Europe,148341
Austria,"566,008",,"9,546 ",,"522,774",,"33,688",581,"62,572","1,055","25,515,997","2,820,765","9,045,771 ",Europe,169480
Morocco,"499,688",,"8,867 ",,"486,349",,"4,472",251,"13,416",238,"6,051,185","162,470","37,244,942 ",Africa,"754,2006"
Japan,"489,576",,"9,279 ",,"455,382",,"24,915",456,"3,880",74,"10,185,014","80,719","126,178,877 ",Asia,"25813,59812"
Lebanon,"485,918",,"6,512 ",,"391,197",,"88,209",875,"71,438",957,"3,632,919","534,100","6,801,941 ",Asia,"141,0452"
UAE,"476,019",,"1,520 ",,"460,841",,"13,658",,"47,689",152,"39,287,609","3,935,953","9,981,727 ",Asia,"216,5670"
Saudi Arabia,"394,952",,"6,719 ",,"381,189",,"7,044",852,"11,211",191,"15,533,915","440,958","35,227,614 ",Asia,"895,2432"
Slovakia,"366,894",,"10,243 ",,"255,300",,"101,351",584,"67,176","1,875","2,399,863","439,401","5,461,672 ",Europe,155332
Bulgaria,"364,419",,"14,034 ",,"278,665",,"71,720",777,"52,752","2,032","2,224,530","322,014","6,908,183 ",Europe,194923
Panama,"357,277",,"6,148 ",,"346,611",,"4,518",105,"81,820","1,408","2,205,603","505,108","4,366,596 ",North America,127102
Malaysia,"354,468",,"1,304 ",,"339,067",,"14,097",194,"10,846",40,"7,992,575","244,550","32,682,822 ",Asia,"9225,0644"
Ecuador,"339,604",,"17,057 ",,"290,314",,"32,233",576,"19,028",956,"1,172,622","65,702","17,847,533 ",South America,"531,04615"
Belarus,"330,536",,"2,314 ",,"320,844",,"7,378",,"34,989",245,"5,478,163","579,888","9,446,936 ",Europe,"294,0832"
Georgia,"286,406",+761,"3,849 ",+9,"276,084",+537,"6,473",,"71,902",966,"3,584,251","899,823","3,983,284 ",Asia,"141,0351"
Greece,"285,015",,"8,607 ",,"240,926",,"35,482",749,"27,448",829,"6,878,215","662,392","10,383,899 ",Europe,"361,2062"
Croatia,"282,548",,"6,149 ",,"265,038",,"11,361",160,"69,154","1,505","1,599,453","391,467","4,085,789 ",Europe,146643
Nepal,"278,768",,"3,038 ",,"273,529",,"2,201",,"9,438",103,"2,298,167","77,808","29,536,306 ",Asia,"1069,72213"
Bolivia,"277,966","+1,076","12,385 ",+19,"227,812","+1,025","37,769",71,"23,567","1,050","954,381","80,917","11,794,631 ",South America,4295212
Azerbaijan,"276,464",,"3,780 ",,"244,540",,"28,144",,"27,080",370,"2,963,012","290,232","10,209,107 ",Asia,"372,7013"
Tunisia,"264,994",,"9,087 ",,"221,545",,"34,362",382,"22,244",763,"1,153,654","96,838","11,913,192 ",Africa,"451,31110"
Kazakhstan,"261,503","+2,586","3,171 ",+15,"229,538","+1,449","28,794",221,"13,801",167,"8,994,537","474,687","18,948,360 ",Asia,"725,9762"
Palestine,"259,133",,"2,753 ",,"226,090",,"30,290",203,"49,914",530,"1,605,666","309,281","5,191,607 ",Asia,"201,8863"
Dominican Republic,"254,937",,"3,369 ",,"214,943",,"36,625",157,"23,322",308,"1,325,145","121,227","10,931,116 ",North America,"433,2458"
Kuwait,"241,469",,"1,379 ",,"226,026",,"14,064",207,"55,911",319,"2,121,475","491,220","4,318,784 ",Asia,"183,1322"
Ireland,"239,325",,"4,732 ",,"23,364",,"211,229",60,"48,058",950,"4,117,128","826,740","4,979,955 ",Europe,"211,0521"
Moldova,"237,718",,"5,268 ",,"218,711",,"13,739",316,"59,035","1,308","881,765","218,976","4,026,759 ",Europe,177645
Denmark,"234,931",,"2,435 ",,"223,824",,"8,672",34,"40,451",419,"27,555,084","4,744,461","5,807,843 ",Europe,"252,3850"
Paraguay,"227,116",,"4,584 ",,"186,730",,"35,802",436,"31,546",637,"951,218","132,123","7,199,490 ",South America,"321,5718"
Lithuania,"223,127","+1,067","3,647 ",+9,"203,803",+761,"15,677",161,"82,855","1,354","2,446,061","908,306","2,692,991 ",Europe,127381
Slovenia,"221,890",,"4,092 ",,"204,497",,"13,301",131,"106,721","1,968","1,085,708","522,187","2,079,157 ",Europe,95082
Ethiopia,"221,544",,"3,058 ",,"166,135",,"52,351",906,"1,891",26,"2,414,973","20,618","117,127,909 ",Africa,"52938,30249"
Costa Rica,"219,846",,"3,000 ",,"193,857",,"22,989",194,"42,857",585,"842,015","164,145","5,129,711 ",North America,"231,7106"
Egypt,"207,293",,"12,290 ",,"157,450",,"37,553",90,"1,997",118,"2,507,491","24,156","103,805,216 ",Africa,"5018,44641"
Armenia,"200,129","+1,231","3,675 ",+28,"179,043",+816,"17,411",,"67,440","1,238","889,872","299,873","2,967,493 ",Asia,158073
Guatemala,"198,374",,"6,928 ",,"182,408",,"9,038",5,"10,919",381,"1,077,904","59,329","18,168,150 ",North America,"922,62217"
Honduras,"193,029",+616,"4,703 ",+17,"74,299",+611,"114,027",512,"19,255",469,"531,255","52,994","10,024,803 ",North America,"522,13219"
Qatar,"186,201",,320 ,,"167,480",,"18,401",427,"66,316",114,"1,780,877","634,260","2,807,805 ",Asia,"158,7742"
Bosnia and Herzegovina,"179,248",,"7,132 ",,"137,242",,"34,874",,"54,898","2,184","824,150","252,410","3,265,118 ",Europe,184584
Venezuela,"170,189",,"1,705 ",,"154,023",,"14,461",237,"5,998",60,"3,359,014","118,383","28,374,019 ",South America,"16716,6428"
Oman,"166,685",,"1,735 ",,"149,049",,"15,901",204,"32,022",333,"1,550,000","297,773","5,205,306 ",Asia,"313,0003"
Libya,"165,287",,"2,772 ",,"151,189",,"11,326",,"23,807",399,"896,128","129,076","6,942,655 ",Africa,"422,5058"
Nigeria,"163,498",,"2,058 ",,"153,788",,"7,652",11,778,10,"1,803,177","8,586","210,022,724 ",Africa,"1,285102,052116"
Bahrain,"151,931",,547 ,,"141,119",,"10,265",74,"87,000",313,"3,704,727","2,121,443","1,746,324 ",Asia,"113,1930"
Myanmar,"142,541",,"3,206 ",,"131,829",,"7,506",,"2,606",59,"2,546,239","46,558","54,689,159 ",Asia,"38417,05821"
Kenya,"141,365",,"2,276 ",,"97,194",,"41,895",236,"2,586",42,"1,530,736","27,998","54,672,609 ",Africa,"38724,02136"
North Macedonia,"137,728",,"4,073 ",,"111,765",,"21,890",124,"66,110","1,955","651,997","312,962","2,083,308 ",Europe,155113
Albania,"127,192",,"2,291 ",,"95,600",,"29,301",18,"44,235",797,"573,313","199,387","2,875,383 ",Europe,"231,2555"
Uruguay,"126,987",,"1,231 ",,"98,837",,"26,919",436,"36,459",353,"1,470,153","422,099","3,482,961 ",South America,"272,8292"
Algeria,"118,004",,"3,116 ",,"82,192",,"32,696",19,"2,654",70,"230,861","5,193","44,454,659 ",Africa,"37714,267193"
Estonia,"111,664",,976 ,,"90,551",,"20,137",70,"84,134",735,"1,176,690","886,582","1,327,220 ",Europe,"121,3601"
S. Korea,"107,598",+700,"1,758 ",+2,"98,360",+432,"7,480",112,"2,097",34,"8,012,421","156,178","51,303,051 ",Asia,"47729,1836"
Latvia,"105,176",,"1,946 ",,"96,254",,"6,976",77,"56,240","1,041","1,961,149","1,048,671","1,870,128 ",Europe,189611
Norway,"101,082",,683 ,,"80,023",,"20,376",54,"18,535",125,"4,768,101","874,288","5,453,693 ",Europe,"547,9851"
Sri Lanka,"93,910",,588 ,,"90,917",,"2,405",,"4,372",27,"2,374,627","110,540","21,482,078 ",Asia,"22936,5349"
Montenegro,"93,309",,"1,334 ",,"86,945",,"5,030",69,"148,551","2,124","346,734","552,013","628,127 ",Europe,74712
Ghana,"91,009",,752 ,,"88,810",,"1,447",32,"2,883",24,"1,016,808","32,211","31,566,766 ",Africa,"34741,97731"
Kyrgyzstan,"89,660",+222,"1,516 ",+4,"85,607",+111,"2,537",24,"13,572",229,"886,816","134,238","6,606,303 ",Asia,"744,3587"
Zambia,"89,386",,"1,224 ",,"85,409",,"2,753",76,"4,761",65,"1,280,670","68,213","18,774,694 ",Africa,"21015,33915"
Uzbekistan,"84,322",+195,634 ,+1,"82,234",+179,"1,454",23,"2,492",19,"1,377,915","40,719","33,839,530 ",Asia,"40153,37525"
Cuba,"82,601",,442 ,,"76,883",,"5,276",77,"7,296",39,"3,129,044","276,385","11,321,307 ",North America,"13725,6144"
Finland,"80,416",,862 ,,"46,000",,"33,554",45,"14,496",155,"4,085,073","736,404","5,547,325 ",Europe,"696,4351"
Mozambique,"68,431",,785 ,,"58,063",,"9,583",68,"2,144",25,"491,304","15,392","31,920,002 ",Africa,"46640,66265"
El Salvador,"65,491",,"2,040 ",+3,"62,340",,"1,111",30,"10,058",313,"856,658","131,565","6,511,286 ",North America,"993,1928"
Luxembourg,"62,793",,762 ,,"58,544",,"3,487",30,"99,082","1,202","2,464,563","3,888,875","633,747 ",Europe,108320
Singapore,"60,554",,30 ,,"60,260",,264,1,"10,289",5,"8,789,647","1,493,425","5,885,565 ",Asia,"97196,1861"
Cameroon,"57,337",,851 ,,"51,769",,"4,717",53,"2,120",31,"1,187,367","43,898","27,048,056 ",Africa,"47231,78423"
Afghanistan,"56,943",,"2,516 ",,"51,940",,"2,487","1,120","1,438",64,"361,494","9,130","39,595,345 ",Asia,"69515,737110"
Cyprus,"49,366",,266 ,,"2,057",,"47,043",48,"40,661",219,"3,559,362","2,931,714","1,214,089 ",Asia,"254,5640"
Namibia,"45,039",,548 ,,"43,306",,"1,185",32,"17,484",213,"355,501","138,006","2,575,982 ",Africa,"574,7017"
Ivory Coast,"44,880",,257 ,,"43,446",,"1,177",,"1,670",10,"541,414","20,146","26,874,731 ",Africa,"599104,57150"
Botswana,"41,710",,616 ,,"36,958",,"4,136",1,"17,468",258,"942,561","394,742","2,387,788 ",Africa,"573,8763"
Jamaica,"41,400",,631 ,,"18,444",,"22,325",33,"13,934",212,"294,789","99,220","2,971,075 ",North America,"724,70910"
Uganda,"41,046",,337 ,,"40,685",,24,,876,7,"955,609","20,404","46,835,531 ",Africa,"1,141138,97849"
Senegal,"39,164",,"1,070 ",,"37,888",,206,25,"2,293",63,"448,014","26,232","17,079,046 ",Africa,"43615,96238"
Zimbabwe,"36,984",,"1,531 ",,"34,803",,650,3,"2,461",102,"390,833","26,007","15,028,105 ",Africa,"4069,81638"
Malawi,"33,718",,"1,125 ",,"30,996",,"1,597",23,"1,729",58,"221,473","11,354","19,505,475 ",Africa,"57817,33888"
Thailand,"30,310",+405,95 ,,"28,101",+32,"2,114",1,433,1,"8,124,896","116,179","69,934,331 ",Asia,"2,307736,1519"
Sudan,"30,111",,"2,063 ",,"24,214",,"3,834",,675,46,"232,965","5,220","44,627,885 ",Africa,"1,48221,633192"
Malta,"29,408",,400 ,,"28,463",,545,,"66,467",904,"824,234","1,862,907","442,445 ",Europe,"151,1061"
Australia,"29,382",+5,909 ,,"26,326",+2,"2,147",,"1,142",35,"15,976,923","621,041","25,726,041 ",Australia/Oceania,"87628,3012"
DRC,"28,410",,745 ,,"25,841",,"1,824",,310,8,"142,542","1,556","91,625,594 ",Africa,"3,225122,987643"
Madagascar,"26,127",,469 ,,"22,947",,"2,711",246,925,17,"148,563","5,262","28,231,842 ",Africa,"1,08160,196190"
Maldives,"25,191",,67 ,,"22,014",,"3,110",88,"45,986",122,"659,127","1,203,219","547,803 ",Asia,"228,1761"
Rwanda,"23,041",,314 ,,"20,835",,"1,892",5,"1,746",24,"1,194,484","90,517","13,196,240 ",Africa,"57342,02611"
Angola,"23,010",,547 ,,"21,545",,918,13,684,16,"430,968","12,811","33,641,078 ",Africa,"1,46261,50178"
Guinea,"20,554",,131 ,,"18,302",,"2,121",24,"1,534",10,"410,711","30,643","13,403,249 ",Africa,"652102,31533"
Gabon,"20,265",,124 ,,"17,227",,"2,914",25,"8,944",55,"654,156","288,725","2,265,671 ",Africa,"11218,2723"
Syria,"19,761",,"1,342 ",,"13,549",,"4,870",,"1,109",75,,,"17,823,842 ",Asia,"90213,282"
Mayotte,"19,408",,167 ,,"2,964",,"16,277",8,"69,858",601,"159,240","573,179","277,819 ",Africa,"141,6642"
French Polynesia,"18,643",,141 ,,"4,842",,"13,660",2,"66,074",500,"26,355","93,407","282,152 ",Australia/Oceania,"152,00111"
Cabo Verde,"18,214",,175 ,,"16,811",,"1,228",23,"32,490",312,"131,248","234,119","560,604 ",Africa,"313,2034"
Mauritania,"17,974",,450 ,,"17,266",,258,14,"3,790",95,"212,268","44,759","4,742,484 ",Africa,"26410,53922"
Réunion,"17,508",,123 ,,"16,011",,"1,374",54,"19,449",137,"100,098","111,195","900,205 ",Africa,"517,3199"
Eswatini,"17,365",,669 ,,"16,631",,65,3,"14,850",572,"172,043","147,127","1,169,351 ",Africa,"671,7487"
French Guiana,"17,318",,94 ,,"9,995",,"7,229",8,"56,862",309,"166,476","546,606","304,563 ",South America,"183,2402"
Tajikistan,"13,308",,90 ,,"13,218",,0,,"1,372",9,,,"9,700,629 ",Asia,"729107,785"
Burkina Faso,"12,873",,150 ,,"12,540",,183,,603,7,"173,878","8,149","21,338,394 ",Africa,"1,658142,256123"
Haiti,"12,803",,251 ,,"11,317",,"1,235",,"1,112",22,"54,379","4,725","11,508,755 ",North America,"89945,852212"
Mongolia,"12,780",+554,17 ,,"8,140","+1,228","4,623",67,"3,851",5,"2,345,886","706,897","3,318,568 ",Asia,"260195,2101"
Belize,"12,485",,318 ,,"12,106",,61,1,"30,970",789,"103,373","256,426","403,130 ",North America,"321,2684"
Andorra,"12,363",,119 ,,"11,616",,628,12,"159,811","1,538","193,595","2,502,521","77,360 ",Europe,66500
Guadeloupe,"12,140",,174 ,,"2,242",,"9,724",13,"30,337",435,"159,029","397,397","400,177 ",North America,"332,3003"
Somalia,"11,978",,576 ,,"5,058",,"6,344",,738,35,"95,922","5,910","16,229,752 ",Africa,"1,35528,177169"
Hong Kong,"11,540",,205 ,,"11,163",,172,9,"1,530",27,"11,193,673","1,483,876","7,543,539 ",Asia,"65436,7981"
Togo,"11,501",,113 ,,"8,592",,"2,796",,"1,365",13,"285,400","33,870","8,426,281 ",Africa,"73374,56930"
Mali,"10,841",,400 ,,"7,033",,"3,408",,524,19,"238,212","11,512","20,693,343 ",Africa,"1,90951,73387"
Guyana,"10,718",,250 ,,"9,473",,995,9,"13,576",317,"94,527","119,736","789,461 ",South America,"743,1588"
Lesotho,"10,707",,315 ,,"4,471",,"5,921",,"4,968",146,"68,712","31,881","2,155,249 ",Africa,"2016,84231"
Curaçao,"10,392",,58 ,,"5,762",,"4,572",22,"63,132",352,"80,384","488,339","164,607 ",North America,"162,8382"
South Sudan,"10,297",,113 ,,"10,061",,123,1,912,10,"136,405","12,078","11,294,036 ",Africa,"1,09799,94783"
Congo,"10,084",,137 ,,"8,208",,"1,739",,"1,794",24,"92,500","16,455","5,621,323 ",Africa,"55741,03261"
Aruba,"9,834",,92 ,,"9,170",,572,8,"91,809",859,"132,152","1,233,751","107,114 ",North America,"111,1641"
Djibouti,"9,306",,90 ,,"7,225",,"1,991",,"9,316",90,"136,235","136,376","998,969 ",Africa,"10711,1007"
Bahamas,"9,296",,189 ,,"8,811",,296,3,"23,468",477,"78,357","197,812","396,119 ",North America,"432,0965"
Suriname,"9,200",,178 ,,"8,637",,385,4,"15,576",301,"45,451","76,950","590,654 ",South America,"643,31813"
Martinique,"9,028",,57 ,,98,,"8,873",5,"24,072",152,"133,358","355,582","375,042 ",North America,"426,5803"
Trinidad and Tobago,"8,235",,145 ,,"7,683",,407,14,"5,870",103,"114,666","81,731","1,402,963 ",North America,"1709,67612"
Papua New Guinea,"7,634",,68 ,,846,,"6,720",,841,7,"63,700","7,018","9,076,169 ",Australia/Oceania,"1,189133,473142"
Benin,"7,313",,93 ,,"6,452",,768,35,591,8,"548,484","44,360","12,364,386 ",Africa,"1,691132,95023"
Equatorial Guinea,"7,059",,104 ,,"6,683",,272,11,"4,909",72,"111,994","77,888","1,437,889 ",Africa,"20413,82613"
Nicaragua,"6,727",,179 ,,"4,225",,"2,323",,"1,006",27,,,"6,684,793 ",North America,"99437,345"
Iceland,"6,251",,29 ,,"6,090",,132,,"18,228",85,"554,972","1,618,282","342,939 ",Europe,"5511,8251"
Gambia,"5,564",,166 ,,"5,111",,287,3,"2,254",67,"58,464","23,687","2,468,192 ",Africa,"44414,86942"
CAR,"5,353",,73 ,,"5,024",,256,2,"1,094",15,"40,907","8,359","4,893,798 ",Africa,"91467,038120"
Niger,"5,052",,188 ,,"4,725",,139,1,203,8,"92,317","3,712","24,869,163 ",Africa,"4,923132,283269"
Yemen,"5,047",,986 ,,"1,886",,"2,175",23,166,33,"20,872",688,"30,325,839 ",Asia,"6,00930,7561,453"
San Marino,"4,904",,85 ,,"4,347",,472,10,"144,295","2,501","54,780","1,611,840","33,986 ",Europe,74001
Chad,"4,606",,166 ,,"4,236",,204,,274,10,"110,021","6,555","16,783,464 ",Africa,"3,644101,105153"
Seychelles,"4,332",,24 ,,"3,869",,439,,"43,840",243,"21,504","217,623","98,813 ",Africa,"234,1175"
Saint Lucia,"4,304",,63 ,,"4,142",,99,2,"23,357",342,"36,756","199,468","184,270 ",North America,"432,9255"
Gibraltar,"4,275",,94 ,,"4,171",,10,,"126,919","2,791","215,329","6,392,809","33,683 ",Europe,83580
Channel Islands,"4,051",,86 ,,"3,956",,9,1,"23,137",491,"399,901","2,283,987","175,089 ",Europe,"432,0360"
Sierra Leone,"3,993",,79 ,,"2,826",,"1,088",,493,10,"118,332","14,608","8,100,518 ",Africa,"2,029102,53868"
Comoros,"3,758",,146 ,,"3,568",,44,,"4,253",165,,,"883,702 ",Africa,"2356,053"
Barbados,"3,691",,43 ,,"3,557",,91,,"12,832",149,"143,597","499,216","287,645 ",North America,"786,6892"
Guinea-Bissau,"3,663",,66 ,,"3,032",,565,9,"1,828",33,"59,514","29,707","2,003,371 ",Africa,"54730,35434"
Eritrea,"3,374",,10 ,,"3,138",,226,,941,3,"23,693","6,611","3,583,905 ",Africa,"1,062358,391151"
Cambodia,"3,028",+113,24 ,+2,"1,914",+90,"1,090",,179,1,"744,516","44,066","16,895,666 ",Asia,"5,580703,98623"
Burundi,"3,017",,6 ,,773,,"2,238",,248,0.5,"90,019","7,403","12,159,335 ",Africa,"4,0302,026,556135"
Liechtenstein,"2,702",,56 ,,"2,601",,45,4,"70,711","1,466","32,252","844,028","38,212 ",Europe,146821
Vietnam,"2,659",,35 ,,"2,429",,195,,27,0.4,"2,598,753","26,516","98,008,748 ",Asia,"36,8592,800,25038"
New Zealand,"2,555",+24,26 ,,"2,434",+10,95,,511,5,"1,927,613","385,361","5,002,100 ",Australia/Oceania,"1,958192,3883"
Monaco,"2,353",,30 ,,"2,205",,118,6,"59,638",760,"51,953","1,316,766","39,455 ",Europe,"171,3151"
Turks and Caicos,"2,344",,17 ,,"2,276",,51,2,"59,923",435,"35,166","898,995","39,117 ",North America,"172,3011"
Sao Tome and Principe,"2,255",,35 ,,"2,154",,66,,"10,146",157,"12,597","56,677","222,261 ",Africa,"996,35018"
Sint Maarten,"2,174",,27 ,,"2,106",,41,1,"50,268",624,"24,628","569,460","43,248 ",North America,"201,6022"
Liberia,"2,042",,85 ,,"1,899",,58,2,397,17,"79,684","15,478","5,148,081 ",Africa,"2,52160,56665"
St. Vincent Grenadines,"1,766",,10 ,,"1,627",,129,2,"15,880",90,"42,580","382,879","111,210 ",North America,"6311,1213"
Saint Martin,"1,693",,12 ,,"1,399",,282,7,"43,223",306,"26,385","673,619","39,169 ",North America,"233,2641"
Isle of Man,"1,572",,29 ,,"1,430",,113,,"18,412",340,"44,761","524,269","85,378 ",Europe,"542,9442"
Bermuda,"1,497",,14 ,,813,,670,21,"24,106",225,"209,103","3,367,144","62,101 ",North America,"414,4360"
Caribbean Netherlands,"1,478",,14 ,,"1,268",,196,,"55,964",530,"9,238","349,792","26,410 ",North America,"181,8863"
Antigua and Barbuda,"1,177",,29 ,,911,,237,45,"11,943",294,"16,493","167,357","98,550 ",North America,"843,3986"
Mauritius,"1,167",,12 ,,707,,448,,916,9,"358,675","281,670","1,273,387 ",Africa,"1,091106,1164"
Taiwan,"1,050",,10 ,,"1,004",,36,,44,0.4,"484,871","20,330","23,849,851 ",Asia,"22,7142,384,98549"
St. Barth,907,,1 ,,462,,444,,"91,616",101,"26,385","2,665,152","9,900 ",North America,"119,9000"
Bhutan,900,,1 ,,874,,25,,"1,157",1,"644,174","827,876","778,104 ",Asia,"865778,1041"
Timor-Leste,779,,1 ,,294,,484,,582,0.7,"45,338","33,896","1,337,579 ",Asia,"1,7171,337,57930"
Diamond Princess,712,,13 ,,699,,0,,,,,, ,,
Faeroe Islands,661,,1 ,,660,,0,,"13,488",20,"245,089","5,001,306","49,005 ",Europe,"7449,0050"
Cayman Islands,513,,2 ,,487,,24,,"7,736",30,"84,114","1,268,458","66,312 ",North America,"12933,1561"
Tanzania,509,,21 ,,183,,305,7,8,0.3,,,"61,025,203 ",Africa,"119,8922,905,962"
Wallis and Futuna,429,+6,5 ,+1,44,,380,3,"38,694",451,"1,331","120,051","11,087 ",Australia/Oceania,"262,2178"
Brunei ,215,,3 ,,198,,14,,488,7,"116,038","263,313","440,684 ",Asia,"2,050146,8954"
British Virgin Islands,178,,1 ,,159,,18,,"5,858",33,"13,223","435,182","30,385 ",North America,"17130,3852"
Dominica,165,, ,,159,,6,,"2,288",,"13,500","187,180","72,123 ",North America,4375
Grenada,155,,1 ,,152,,2,,"1,373",9,"23,989","212,437","112,923 ",North America,"729112,9235"
New Caledonia,121,, ,,58,,63,,421,,"28,965","100,713","287,598 ",Australia/Oceania,"2,37710"
Fiji,67,,2 ,,64,,1,,74,2,"36,597","40,599","901,419 ",Australia/Oceania,"13,454450,71025"
Falkland Islands,60,, ,,54,,6,,"16,868",,"7,165","2,014,338","3,557 ",South America,590
Laos,49,, ,,47,,2,,7,,"138,020","18,762","7,356,163 ",Asia,"150,12653"
Macao,48,, ,,48,,0,,73,,"4,369","6,659","656,095 ",Asia,"13,669150"
Saint Kitts and Nevis,44,, ,,44,,0,,823,,"12,381","231,477","53,487 ",North America,"1,2164"
Greenland,31,, ,,31,,0,,545,,"20,669","363,596","56,846 ",North America,"1,8343"
Vatican City,27,, ,,15,,12,,"33,624",,,,803 ,Europe,30
Anguilla,25,, ,,22,,3,,"1,655",,"14,579","965,177","15,105 ",North America,6041
Saint Pierre Miquelon,24,, ,,24,,0,,"4,158",,"5,126","888,080","5,772 ",North America,2411
Montserrat,20,,1 ,,19,,0,,"4,005",200,"1,313","262,915","4,994 ",North America,"2504,9944"
Solomon Islands,19,, ,,18,,1,,27,,"4,500","6,431","699,688 ",Australia/Oceania,"36,826155"
Western Sahara,10,,1 ,,8,,1,,16,2,,,"608,502 ",Africa,"60,850608,502"
MS Zaandam,9,,2 ,,7,,0,,,,,, ,,
Marshall Islands,4,, ,,4,,0,,67,,,,"59,496 ",Australia/Oceania,"14,874"
Samoa,3,, ,,2,,1,,15,,,,"199,424 ",Australia/Oceania,"66,475"
Vanuatu,3,, ,,1,,2,,10,,470,"1,504","312,603 ",Australia/Oceania,"104,201665"
Micronesia,1,, ,,1,,0,,9,,,,"115,945 ",Australia/Oceania,"115,945"
China,"90,365",+24,"4,636 ",,"85,466",+9,263,1,63,3,"160,000,000","111,163","1,439,323,776 ",Asia,"15,928310,4679"
Total:,"36,453,244","+6,115","830,579",+616,"28,198,785","+4,055","7,423,880","15,950",,,,,,North America, ,,
Total:,"21,956,794","+1,076","577,701",+19,"19,677,486","+1,025","1,701,607","21,618",,,,,,South America, ,,
Total:,"30,071,247","+14,633","440,142",+159,"27,068,100","+9,981","2,563,005","27,196",,,,,,Asia, ,,
Total:,"40,855,991","+35,854","937,594",+855,"28,979,600","+28,755","10,938,797","32,879",,,,,,Europe, ,,
Total:,"4,336,627",,"114,877",,"3,885,966",,"335,784","3,240",,,,,,Africa, ,,
Total:,"58,861",+35,"1,151",+1,"34,640",+12,"23,070",5,,,,,,Australia/Oceania, ,,
Total:,721,,15,,706,,0,0,,,,,,, ,,
Total:,"133,733,485","+57,713","2,902,059","+1,650","107,845,283","+43,828","22,986,143","100,888","17,156.8",372.3,,,,All,,,,
